{"cameraMode":{"drawMode":0,"name":"Shaded","section":"Shading Mode"},"sceneLighting":true,"audioPlay":false,"sceneViewState":{"m_AlwaysRefresh":false,"showFog":true,"showSkybox":true,"showFlares":true,"showImageEffects":true,"showParticleSystems":true,"showVisualEffectGraphs":true,"m_FxEnabled":true},"in2DMode":false,"pivot":{"x":-7.365057945251465,"y":1.5774809122085572,"z":-0.0030670166015625},"rotation":{"x":0.016189970076084138,"y":0.0020968345925211908,"z":0.00003393480074009858,"w":-0.999866783618927},"size":16.026939392089845,"orthographic":true}